rank,city,country,seo_title,suggested_slug,meta_description,primary_keyword,secondary_keywords,html_file,word_count,workspace,workspace_url,furniture_source,furniture_url,featured_image_filename,featured_image_alt
1,Jakarta,Indonesia,Coworking Space in Jakarta: MATCHA MAYA's Journey,matcha-maya-jakarta-coworking-customer-journey,"Explore a researched coworking space in Jakarta with MATCHA MAYA: one focused workday, a local matcha ritual, practical checks, and an honest verdict.",coworking space in Jakarta,GoWork Plaza Indonesia; MATCHA MAYA; remote work Jakarta; coworking customer journey; digital nomad Jakarta,001-matcha-maya-jakarta-coworking-customer-journey.html,1627,GoWork Plaza Indonesia,https://go-work.com/,INFORMA,https://informa.co.id/services/office-chairs,matcha-maya-coworking-jakarta.jpg,MATCHA MAYA working with matcha in a coworking story set in Jakarta
2,Dhaka,Bangladesh,Coworking Space in Dhaka: MATCHA MAYA's Journey,matcha-maya-dhaka-coworking-customer-journey,"Explore a researched coworking space in Dhaka with MATCHA MAYA: one focused workday, a local matcha ritual, practical checks, and an honest verdict.",coworking space in Dhaka,Moar Banani; MATCHA MAYA; remote work Dhaka; coworking customer journey; digital nomad Dhaka,002-matcha-maya-dhaka-coworking-customer-journey.html,1614,Moar Banani,https://moarbd.com/,HATIL,https://hatil.com/furniture-range-erp/office-furniture,matcha-maya-coworking-dhaka.jpg,MATCHA MAYA working with matcha in a coworking story set in Dhaka
3,Tokyo,Japan,Coworking Space in Tokyo: MATCHA MAYA's Journey,matcha-maya-tokyo-coworking-customer-journey,"Explore a researched coworking space in Tokyo with MATCHA MAYA: one focused workday, a local matcha ritual, practical checks, and an honest verdict.",coworking space in Tokyo,Business-Airport; MATCHA MAYA; remote work Tokyo; coworking customer journey; digital nomad Tokyo,003-matcha-maya-tokyo-coworking-customer-journey.html,1630,Business-Airport,https://business-airport.net/en/,KOKUYO,https://www.kokuyo.com/en/businessoverview/furniture/,matcha-maya-coworking-tokyo.jpg,MATCHA MAYA working with matcha in a coworking story set in Tokyo
4,New Delhi,India,Coworking Space in New Delhi: MATCHA MAYA's Journey,matcha-maya-new-delhi-coworking-customer-journey,"Explore a researched coworking space in New Delhi with MATCHA MAYA: one focused workday, a local matcha ritual, practical checks, and an honest verdict.",coworking space in New Delhi,Awfis New Delhi; MATCHA MAYA; remote work New Delhi; coworking customer journey; digital nomad New Delhi,004-matcha-maya-new-delhi-coworking-customer-journey.html,1667,Awfis New Delhi,https://www.awfis.com/office-space/new-delhi,Featherlite,https://featherlitefurniture.com/,matcha-maya-coworking-new-delhi.jpg,MATCHA MAYA working with matcha in a coworking story set in New Delhi
5,Shanghai,China,Coworking Space in Shanghai: MATCHA MAYA's Journey,matcha-maya-shanghai-coworking-customer-journey,"Explore a researched coworking space in Shanghai with MATCHA MAYA: one focused workday, a local matcha ritual, practical checks, and an honest verdict.",coworking space in Shanghai,Arcc Spaces Jing'an Kerry Centre; MATCHA MAYA; remote work Shanghai; coworking customer journey; digital nomad Shanghai,005-matcha-maya-shanghai-coworking-customer-journey.html,1649,Arcc Spaces Jing'an Kerry Centre,https://www.arccspaces.com/centres/jingan-kerry-centre/,Sunon,https://www.sunonglobal.com/,matcha-maya-coworking-shanghai.jpg,MATCHA MAYA working with matcha in a coworking story set in Shanghai
6,Guangzhou,China,Coworking Space in Guangzhou: MATCHA MAYA's Journey,matcha-maya-guangzhou-coworking-customer-journey,"Explore a researched coworking space in Guangzhou with MATCHA MAYA: one focused workday, a local matcha ritual, practical checks, and an honest verdict.",coworking space in Guangzhou,WeWork NEO Metropolis; MATCHA MAYA; remote work Guangzhou; coworking customer journey; digital nomad Guangzhou,006-matcha-maya-guangzhou-coworking-customer-journey.html,1652,WeWork NEO Metropolis,https://www.wework.cn/en-US/building/neo-metropolis/,Mige Furniture,https://www.migefurniture.com/,matcha-maya-coworking-guangzhou.jpg,MATCHA MAYA working with matcha in a coworking story set in Guangzhou
7,Cairo,Egypt,Coworking Space in Cairo: MATCHA MAYA's Journey,matcha-maya-cairo-coworking-customer-journey,"Explore a researched coworking space in Cairo with MATCHA MAYA: one focused workday, a local matcha ritual, practical checks, and an honest verdict.",coworking space in Cairo,Regus Nile City Towers; MATCHA MAYA; remote work Cairo; coworking customer journey; digital nomad Cairo,007-matcha-maya-cairo-coworking-customer-journey.html,1648,Regus Nile City Towers,https://www.regus.com/en/eg/8000,MOHM Furniture,https://www.mohmfurniture.com/,matcha-maya-coworking-cairo.jpg,MATCHA MAYA working with matcha in a coworking story set in Cairo
8,Manila,Philippines,Coworking Space in Manila: MATCHA MAYA's Journey,matcha-maya-manila-coworking-customer-journey,"Explore a researched coworking space in Manila with MATCHA MAYA: one focused workday, a local matcha ritual, practical checks, and an honest verdict.",coworking space in Manila,KMC Proworking; MATCHA MAYA; remote work Manila; coworking customer journey; digital nomad Manila,008-matcha-maya-manila-coworking-customer-journey.html,1634,KMC Proworking,https://kmc.solutions/ph/proworking-space,Office World by BLIMS,https://officeworld.ph/,matcha-maya-coworking-manila.jpg,MATCHA MAYA working with matcha in a coworking story set in Manila
9,Kolkata,India,Coworking Space in Kolkata: MATCHA MAYA's Journey,matcha-maya-kolkata-coworking-customer-journey,"Explore a researched coworking space in Kolkata with MATCHA MAYA: one focused workday, a local matcha ritual, practical checks, and an honest verdict.",coworking space in Kolkata,Awfis Godrej Waterside; MATCHA MAYA; remote work Kolkata; coworking customer journey; digital nomad Kolkata,009-matcha-maya-kolkata-coworking-customer-journey.html,1660,Awfis Godrej Waterside,https://www.awfis.com/office-space/kolkata/godrej-watersid/coworking-godrej-waterside-salt-lake-5/fixed,Interio by Godrej,https://interio.com/business/,matcha-maya-coworking-kolkata.jpg,MATCHA MAYA working with matcha in a coworking story set in Kolkata
10,Seoul,South Korea,Coworking Space in Seoul: MATCHA MAYA's Journey,matcha-maya-seoul-coworking-customer-journey,"Explore a researched coworking space in Seoul with MATCHA MAYA: one focused workday, a local matcha ritual, practical checks, and an honest verdict.",coworking space in Seoul,Fastfive; MATCHA MAYA; remote work Seoul; coworking customer journey; digital nomad Seoul,010-matcha-maya-seoul-coworking-customer-journey.html,1625,Fastfive,https://fastfive.co.kr/global_eng,FURSYS,https://www.globalfursys.com/,matcha-maya-coworking-seoul.jpg,MATCHA MAYA working with matcha in a coworking story set in Seoul
11,Karachi,Pakistan,Coworking Space in Karachi: MATCHA MAYA's Journey,matcha-maya-karachi-coworking-customer-journey,"Explore a researched coworking space in Karachi with MATCHA MAYA: one focused workday, a local matcha ritual, practical checks, and an honest verdict.",coworking space in Karachi,Kickstart Karachi; MATCHA MAYA; remote work Karachi; coworking customer journey; digital nomad Karachi,011-matcha-maya-karachi-coworking-customer-journey.html,1653,Kickstart Karachi,https://kickstart.pk/,Interwood,https://interwood.pk/collections/office-furniture,matcha-maya-coworking-karachi.jpg,MATCHA MAYA working with matcha in a coworking story set in Karachi
12,Mumbai,India,Coworking Space in Mumbai: MATCHA MAYA's Journey,matcha-maya-mumbai-coworking-customer-journey,"Explore a researched coworking space in Mumbai with MATCHA MAYA: one focused workday, a local matcha ritual, practical checks, and an honest verdict.",coworking space in Mumbai,WeWork Lightbridge; MATCHA MAYA; remote work Mumbai; coworking customer journey; digital nomad Mumbai,012-matcha-maya-mumbai-coworking-customer-journey.html,1648,WeWork Lightbridge,https://wework.co.in/mumbai/powai/lightbridge/,Featherlite,https://featherlitefurniture.com/locate-us/,matcha-maya-coworking-mumbai.jpg,MATCHA MAYA working with matcha in a coworking story set in Mumbai
13,São Paulo,Brazil,Coworking Space in São Paulo: MATCHA MAYA's Journey,matcha-maya-sao-paulo-coworking-customer-journey,"Explore a researched coworking space in São Paulo with MATCHA MAYA: one focused workday, a local matcha ritual, practical checks, and an honest verdict.",coworking space in São Paulo,Cubo Itaú; MATCHA MAYA; remote work São Paulo; coworking customer journey; digital nomad São Paulo,013-matcha-maya-sao-paulo-coworking-customer-journey.html,1639,Cubo Itaú,https://cubo.network/para-startups,Flexform,https://www.flexform.com.br/,matcha-maya-coworking-sao-paulo.jpg,MATCHA MAYA working with matcha in a coworking story set in São Paulo
14,Bangkok,Thailand,Coworking Space in Bangkok: MATCHA MAYA's Journey,matcha-maya-bangkok-coworking-customer-journey,"Explore a researched coworking space in Bangkok with MATCHA MAYA: one focused workday, a local matcha ritual, practical checks, and an honest verdict.",coworking space in Bangkok,the Hive Thonglor; MATCHA MAYA; remote work Bangkok; coworking customer journey; digital nomad Bangkok,014-matcha-maya-bangkok-coworking-customer-journey.html,1651,the Hive Thonglor,https://thehive.co.th/,Modernform,https://www.modernform.co.th/en/office/steelcase,matcha-maya-coworking-bangkok.jpg,MATCHA MAYA working with matcha in a coworking story set in Bangkok
15,Mexico City,Mexico,Coworking Space in Mexico City: MATCHA MAYA's Journey,matcha-maya-mexico-city-coworking-customer-journey,"Explore a researched coworking space in Mexico City with MATCHA MAYA: one focused workday, a local matcha ritual, practical checks, and an honest verdict.",coworking space in Mexico City,WeWork Reforma Latino; MATCHA MAYA; remote work Mexico City; coworking customer journey; digital nomad Mexico City,015-matcha-maya-mexico-city-coworking-customer-journey.html,1654,WeWork Reforma Latino,https://www.wework.com/buildings/reforma-latino--mexico-city--DIF,PM STEELE,https://www.pmsteele.com.mx/,matcha-maya-coworking-mexico-city.jpg,MATCHA MAYA working with matcha in a coworking story set in Mexico City
16,Beijing,China,Coworking Space in Beijing: MATCHA MAYA's Journey,matcha-maya-beijing-coworking-customer-journey,"Explore a researched coworking space in Beijing with MATCHA MAYA: one focused workday, a local matcha ritual, practical checks, and an honest verdict.",coworking space in Beijing,Spaces Global Trade Centre; MATCHA MAYA; remote work Beijing; coworking customer journey; digital nomad Beijing,016-matcha-maya-beijing-coworking-customer-journey.html,1662,Spaces Global Trade Centre,https://www.spacesworks.com/en/cn/beijing/beijing/coworking,Lamex,https://www.lamex.com/en/who-we-are,matcha-maya-coworking-beijing.jpg,MATCHA MAYA working with matcha in a coworking story set in Beijing
17,Lahore,Pakistan,Coworking Space in Lahore: MATCHA MAYA's Journey,matcha-maya-lahore-coworking-customer-journey,"Explore a researched coworking space in Lahore with MATCHA MAYA: one focused workday, a local matcha ritual, practical checks, and an honest verdict.",coworking space in Lahore,Kickstart M.M. Alam Road; MATCHA MAYA; remote work Lahore; coworking customer journey; digital nomad Lahore,017-matcha-maya-lahore-coworking-customer-journey.html,1656,Kickstart M.M. Alam Road,https://kickstart.pk/coworking-space-m-m-alam-road/,Interwood,https://corporate.interwood.pk/,matcha-maya-coworking-lahore.jpg,MATCHA MAYA working with matcha in a coworking story set in Lahore
18,Istanbul,Türkiye,Coworking Space in Istanbul: MATCHA MAYA's Journey,matcha-maya-istanbul-coworking-customer-journey,"Explore a researched coworking space in Istanbul with MATCHA MAYA: one focused workday, a local matcha ritual, practical checks, and an honest verdict.",coworking space in Istanbul,Kolektif House; MATCHA MAYA; remote work Istanbul; coworking customer journey; digital nomad Istanbul,018-matcha-maya-istanbul-coworking-customer-journey.html,1647,Kolektif House,https://kolektifhouse.co/en,Nurus,https://nurus.com/en/,matcha-maya-coworking-istanbul.jpg,MATCHA MAYA working with matcha in a coworking story set in Istanbul
19,Moscow,Russia,Coworking Space in Moscow: MATCHA MAYA's Journey,matcha-maya-moscow-coworking-customer-journey,"Explore a researched coworking space in Moscow with MATCHA MAYA: one focused workday, a local matcha ritual, practical checks, and an honest verdict.",coworking space in Moscow,SOK; MATCHA MAYA; remote work Moscow; coworking customer journey; digital nomad Moscow,019-matcha-maya-moscow-coworking-customer-journey.html,1626,SOK,https://sok.works/en/,GDB,https://gdb-projects.com/index_en.html,matcha-maya-coworking-moscow.jpg,MATCHA MAYA working with matcha in a coworking story set in Moscow
20,Ho Chi Minh City,Vietnam,Coworking Space in Ho Chi Minh City: MATCHA MAYA's Journey,matcha-maya-ho-chi-minh-city-coworking-customer-journey,"Explore a researched coworking space in Ho Chi Minh City with MATCHA MAYA: one focused workday, a local matcha ritual, practical checks, and an honest verdict.",coworking space in Ho Chi Minh City,Dreamplex; MATCHA MAYA; remote work Ho Chi Minh City; coworking customer journey; digital nomad Ho Chi Minh City,020-matcha-maya-ho-chi-minh-city-coworking-customer-journey.html,1682,Dreamplex,https://dreamplex.co/en/,The One Furniture,https://noithattheone.vn/en,matcha-maya-coworking-ho-chi-minh-city.jpg,MATCHA MAYA working with matcha in a coworking story set in Ho Chi Minh City
